code,name,area,description,trigger,inputs,outputs,frequency,status,steps_json
HR-01,طلب توظيف واعتماد الوظيفة,hiring,يبدأ الإجراء من حاجة القسم إلى شاغر جديد أو بديل، ويمر بمطابقة الطلب مع الهيكل التنظيمي والوصف الوظيفي والميزانية. ينتهي باعتماد المدير العام فتح الوظيفة أو رفضها، فلا تفتح وظيفة قبل توصيفها واعتماد أجرها وتقدير أثرها على نسبة التوطين.,شاغر جديد في الهيكل، أو استقالة أو نقل، أو زيادة في حجم العمل تستدعي موظفا إضافيا,"نموذج طلب التوظيف من مدير القسم
بطاقة الوصف الوظيفي (المهام والمؤهلات والخبرة)
الهيكل التنظيمي والميزانية المعتمدة للأجور
وضع المنشأة في نطاقات","وظيفة معتمدة بمسمى ودرجة وأجر محدد
بطاقة وصف وظيفي معتمدة
إشعار للموارد البشرية ببدء الإعلان (الإجراء HR-02)",عند الحاجة,draft,"[{""id"":""1"",""type"":""task"",""title"":""تعبئة نموذج طلب التوظيف وتحديد المسمى والمبرر"",""role"":""مدير القسم الطالب"",""R"":"""",""A"":"""",""C"":"""",""I"":"""",""note"":""يذكر سبب الطلب: وظيفة جديدة أو بديل، ونوع العقد المقترح ومدة الحاجة"",""yesTarget"":"""",""noTarget"":""""},{""id"":""2"",""type"":""task"",""title"":""مراجعة الطلب ومطابقته مع الهيكل التنظيمي والوصف الوظيفي"",""role"":""أخصائي الموارد البشرية"",""R"":"""",""A"":"""",""C"":"""",""I"":"""",""note"":""إن لم يوجد وصف وظيفي معتمد للشاغر يعد ويعتمد قبل المتابعة"",""yesTarget"":"""",""noTarget"":""""},{""id"":""3"",""type"":""task"",""title"":""التحقق من توفر الميزانية ومدى الأجر المقترح"",""role"":""المحاسب"",""R"":"""",""A"":"""",""C"":"""",""I"":"""",""note"":""يقارن الأجر المقترح بسلم الأجور والميزانية السنوية المعتمدة"",""yesTarget"":"""",""noTarget"":""""},{""id"":""4"",""type"":""task"",""title"":""تقدير أثر الوظيفة على نسبة التوطين وتوفر التأشيرات إن كان الشاغر لغير سعودي"",""role"":""مدير الموارد البشرية"",""R"":"""",""A"":"""",""C"":"""",""I"":"""",""note"":""يراجع وضع المنشأة في نطاقات قبل التوصية بجنسية شاغل الوظيفة"",""yesTarget"":"""",""noTarget"":""""},{""id"":""5"",""type"":""decision"",""title"":""هل يعتمد المدير العام فتح الوظيفة؟"",""role"":""المدير العام"",""R"":"""",""A"":"""",""C"":"""",""I"":"""",""note"":"""",""yesTarget"":""6"",""noTarget"":""7""},{""id"":""6"",""type"":""task"",""title"":""تسجيل الوظيفة المعتمدة وإبلاغ الموارد البشرية ببدء الإعلان (الإجراء HR-02)"",""role"":""أخصائي الموارد البشرية"",""R"":"""",""A"":"""",""C"":"""",""I"":"""",""note"":"""",""yesTarget"":"""",""noTarget"":""""},{""id"":""7"",""type"":""task"",""title"":""إبلاغ مدير القسم برفض الطلب أو إعادته للتعديل مع الأسباب"",""role"":""مدير الموارد البشرية"",""R"":"""",""A"":"""",""C"":"""",""I"":"""",""note"":""إن كان الرفض لأسباب قابلة للتصحيح يعاد الطلب من الخطوة 1 بعد معالجتها"",""yesTarget"":"""",""noTarget"":""""}]"
HR-02,الإعلان عن الوظيفة وفرز المتقدمين,hiring,بعد اعتماد الوظيفة ينشر الإعلان على قنوات التوظيف وتستقبل الطلبات في سجل واحد. تفرز الطلبات على مرحلتين: مطابقة الاشتراطات الأساسية ثم الفرز النوعي مع مدير القسم. ينتهي بقائمة مختصرة تحال إلى المقابلات.,اعتماد الوظيفة في الإجراء HR-01,"الوظيفة المعتمدة وبطاقة الوصف الوظيفي
قنوات الإعلان المتاحة (منصات التوظيف، موقع المنشأة، الإحالات الداخلية)
معايير الفرز (المؤهل، الخبرة، الجنسية عند الاقتضاء، مدى الأجر)","إعلان وظيفي منشور بمدة استقبال محددة
سجل المتقدمين
قائمة مختصرة معتمدة للمقابلة",عند الحاجة,draft,"[{""id"":""1"",""type"":""task"",""title"":""صياغة الإعلان الوظيفي من بطاقة الوصف وتحديد مدة استقبال الطلبات"",""role"":""أخصائي الموارد البشرية"",""R"":"""",""A"":"""",""C"":"""",""I"":"""",""note"":""يذكر المسمى والمهام والمؤهلات ومكان العمل ونوع العقد، ولا يذكر الأجر إلا بقرار الإدارة"",""yesTarget"":"""",""noTarget"":""""},{""id"":""2"",""type"":""task"",""title"":""اعتماد نص الإعلان وقنوات النشر"",""role"":""مدير الموارد البشرية"",""R"":"""",""A"":"""",""C"":"""",""I"":"""",""note"":"""",""yesTarget"":"""",""noTarget"":""""},{""id"":""3"",""type"":""task"",""title"":""نشر الإعلان واستقبال الطلبات وتسجيلها في سجل المتقدمين"",""role"":""أخصائي الموارد البشرية"",""R"":"""",""A"":"""",""C"":"""",""I"":"""",""note"":""تستقبل الطلبات الداخلية (الترقية أو النقل) بالمعايير نفسها"",""yesTarget"":"""",""noTarget"":""""},{""id"":""4"",""type"":""task"",""title"":""الفرز الأولي: استبعاد من لا تنطبق عليه الاشتراطات الأساسية"",""role"":""أخصائي الموارد البشرية"",""R"":"""",""A"":"""",""C"":"""",""I"":"""",""note"":"""",""yesTarget"":"""",""noTarget"":""""},{""id"":""5"",""type"":""task"",""title"":""الفرز النوعي وترتيب المرشحين مع مدير القسم"",""role"":""مدير القسم الطالب"",""R"":"""",""A"":"""",""C"":"""",""I"":"""",""note"":""يرتب المرشحون بحسب معايير الفرز المعتمدة لا بالانطباع"",""yesTarget"":"""",""noTarget"":""""},{""id"":""6"",""type"":""decision"",""title"":""هل القائمة المختصرة كافية للانتقال إلى المقابلات؟"",""role"":""مدير الموارد البشرية"",""R"":"""",""A"":"""",""C"":"""",""I"":"""",""note"":"""",""yesTarget"":""7"",""noTarget"":""8""},{""id"":""7"",""type"":""task"",""title"":""إحالة القائمة المختصرة إلى إجراء المقابلات والاختيار (HR-03)"",""role"":""أخصائي الموارد البشرية"",""R"":"""",""A"":"""",""C"":"""",""I"":"""",""note"":"""",""yesTarget"":"""",""noTarget"":""""},{""id"":""8"",""type"":""task"",""title"":""تمديد الإعلان أو تغيير القنوات أو مراجعة الاشتراطات مع مدير القسم"",""role"":""مدير الموارد البشرية"",""R"":"""",""A"":"""",""C"":"""",""I"":"""",""note"":""يعاد الإجراء من الخطوة 3 بعد التعديل"",""yesTarget"":"""",""noTarget"":""""}]"
HR-03,المقابلات والاختيار,hiring,تنظم مقابلات القائمة المختصرة بلجنة ثابتة ونموذج تقييم موحد بأوزان محددة مسبقا. يتحقق من المؤهلات والخبرات والمراجع قبل ترشيح المرشح الأول والبديل. الهدف قرار اختيار موثق يقوم على معايير معلنة لا على الانطباع.,اكتمال القائمة المختصرة في الإجراء HR-02,"القائمة المختصرة
نموذج تقييم المقابلة (المعايير والأوزان)
أعضاء لجنة المقابلة
وثائق المرشحين (الهوية أو الإقامة، المؤهلات، الخبرات)","نماذج تقييم موقعة من أعضاء اللجنة
محضر اختيار يحدد المرشح الأول والبديل
نتيجة التحقق من الوثائق والمراجع",عند الحاجة,draft,"[{""id"":""1"",""type"":""task"",""title"":""تشكيل لجنة المقابلة واعتماد نموذج التقييم ومعاييره"",""role"":""مدير الموارد البشرية"",""R"":"""",""A"":"""",""C"":"""",""I"":"""",""note"":""يشمل النموذج المعرفة الفنية والخبرة والمهارات السلوكية بأوزان محددة مسبقا"",""yesTarget"":"""",""noTarget"":""""},{""id"":""2"",""type"":""task"",""title"":""جدولة المقابلات وإبلاغ المرشحين بالموعد والمكان أو رابط الاتصال"",""role"":""أخصائي الموارد البشرية"",""R"":"""",""A"":"""",""C"":"""",""I"":"""",""note"":"""",""yesTarget"":"""",""noTarget"":""""},{""id"":""3"",""type"":""task"",""title"":""إجراء المقابلات وتعبئة نموذج التقييم لكل مرشح"",""role"":""لجنة المقابلة"",""R"":"""",""A"":"""",""C"":"""",""I"":"""",""note"":""يقيم كل عضو على حدة ثم تجمع الدرجات"",""yesTarget"":"""",""noTarget"":""""},{""id"":""4"",""type"":""task"",""title"":""إجراء اختبار عملي أو فني للوظائف التي تستلزمه"",""role"":""مدير القسم الطالب"",""R"":"""",""A"":"""",""C"":"""",""I"":"""",""note"":""يطبق الاختبار نفسه على كل المرشحين للشاغر الواحد"",""yesTarget"":"""",""noTarget"":""""},{""id"":""5"",""type"":""task"",""title"":""التحقق من صحة المؤهلات والخبرات والاتصال بالمراجع"",""role"":""أخصائي الموارد البشرية"",""R"":"""",""A"":"""",""C"":"""",""I"":"""",""note"":""يتحقق من المؤهل لدى الجهة المانحة أو عبر منصات التوثيق المعتمدة، ومن سريان الهوية أو الإقامة"",""yesTarget"":"""",""noTarget"":""""},{""id"":""6"",""type"":""decision"",""title"":""هل يوجد مرشح مطابق تجمع اللجنة على ترشيحه؟"",""role"":""لجنة المقابلة"",""R"":"""",""A"":"""",""C"":"""",""I"":"""",""note"":"""",""yesTarget"":""7"",""noTarget"":""8""},{""id"":""7"",""type"":""task"",""title"":""إعداد محضر الاختيار بالمرشح الأول والبديل وإحالته إلى العرض الوظيفي (HR-04)"",""role"":""مدير الموارد البشرية"",""R"":"""",""A"":"""",""C"":"""",""I"":"""",""note"":"""",""yesTarget"":"""",""noTarget"":""""},{""id"":""8"",""type"":""task"",""title"":""إبلاغ الموارد البشرية بإعادة الإعلان أو توسيع البحث (العودة إلى HR-02)"",""role"":""مدير القسم الطالب"",""R"":"""",""A"":"""",""C"":"""",""I"":"""",""note"":"""",""yesTarget"":"""",""noTarget"":""""},{""id"":""9"",""type"":""task"",""title"":""إبلاغ المرشحين غير المختارين بأدب وحفظ ملفاتهم للفرص القادمة"",""role"":""أخصائي الموارد البشرية"",""R"":"""",""A"":"""",""C"":"""",""I"":"""",""note"":"""",""yesTarget"":"""",""noTarget"":""""}]"
HR-04,العرض الوظيفي والتفاوض,hiring,يعد عرض وظيفي مكتوب للمرشح المختار يحدد الأجر والبدلات ونوع العقد ومدته وفترة التجربة وتاريخ المباشرة المتوقع. يتفاوض معه ضمن الحدود المعتمدة حتى القبول الكتابي، وإلا انتقل العرض إلى المرشح البديل.,اعتماد محضر الاختيار في الإجراء HR-03,"محضر الاختيار
سلم الأجور والبدلات المعتمد وحدود التفاوض
نوع العقد المقترح (محدد المدة أو غير محدد المدة) وفترة التجربة
حالة المرشح (سعودي أو مقيم، داخل المملكة أو خارجها)","عرض وظيفي مكتوب موقع من المنشأة
قبول كتابي من المرشح أو اعتذار موثق
إحالة الملف إلى التعاقد (HR-05)",عند الحاجة,draft,"[{""id"":""1"",""type"":""task"",""title"":""إعداد العرض الوظيفي وفق سلم الأجور المعتمد"",""role"":""أخصائي الموارد البشرية"",""R"":"""",""A"":"""",""C"":"""",""I"":"""",""note"":""يذكر الأجر الأساسي والبدلات ونوع العقد ومدته وفترة التجربة وتاريخ المباشرة المتوقع ومكان العمل"",""yesTarget"":"""",""noTarget"":""""},{""id"":""2"",""type"":""task"",""title"":""التحقق من أن الأجر ضمن الميزانية المعتمدة للوظيفة"",""role"":""المحاسب"",""R"":"""",""A"":"""",""C"":"""",""I"":"""",""note"":"""",""yesTarget"":"""",""noTarget"":""""},{""id"":""3"",""type"":""task"",""title"":""اعتماد العرض"",""role"":""المدير العام"",""R"":"""",""A"":"""",""C"":"""",""I"":"""",""note"":""أي تجاوز لحدود التفاوض المعتمدة يعود إليه"",""yesTarget"":"""",""noTarget"":""""},{""id"":""4"",""type"":""task"",""title"":""إرسال العرض إلى المرشح وتحديد مهلة للرد"",""role"":""مدير الموارد البشرية"",""R"":"""",""A"":"""",""C"":"""",""I"":"""",""note"":"""",""yesTarget"":"""",""noTarget"":""""},{""id"":""5"",""type"":""decision"",""title"":""هل وافق المرشح على العرض؟"",""role"":""المرشح"",""R"":"""",""A"":"""",""C"":"""",""I"":"""",""note"":"""",""yesTarget"":""8"",""noTarget"":""6""},{""id"":""6"",""type"":""decision"",""title"":""هل طلب المرشح تعديلا ضمن حدود التفاوض المعتمدة؟"",""role"":""مدير الموارد البشرية"",""R"":"""",""A"":"""",""C"":"""",""I"":"""",""note"":"""",""yesTarget"":""7"",""noTarget"":""9""},{""id"":""7"",""type"":""task"",""title"":""تعديل العرض وإعادة إرساله"",""role"":""أخصائي الموارد البشرية"",""R"":"""",""A"":"""",""C"":"""",""I"":"""",""note"":""يعود الإجراء إلى الخطوة 5 بعد رد المرشح"",""yesTarget"":"""",""noTarget"":""""},{""id"":""8"",""type"":""task"",""title"":""توثيق القبول الكتابي وإحالة الملف إلى التعاقد (HR-05)"",""role"":""أخصائي الموارد البشرية"",""R"":"""",""A"":"""",""C"":"""",""I"":"""",""note"":"""",""yesTarget"":"""",""noTarget"":""""},{""id"":""9"",""type"":""task"",""title"":""إغلاق العرض وتقديم العرض إلى المرشح البديل من محضر الاختيار"",""role"":""مدير الموارد البشرية"",""R"":"""",""A"":"""",""C"":"""",""I"":"""",""note"":""إن لم يوجد بديل يعاد الإعلان (HR-02)"",""yesTarget"":"""",""noTarget"":""""}]"
HR-05,التعاقد وتوثيق العقد في منصة قوى,hiring,يحرر عقد العمل كتابة بالبيانات التي يوجبها نظام العمل، ثم يوثق إلكترونيا في منصة قوى ويعتمده الموظف من حسابه فيها. ينتهي بعقد موثق تحفظ نسخته في ملف الموظف وتسلم له نسخة، وبتاريخ مباشرة معتمد ينطلق منه الالتحاق.,قبول المرشح العرض الوظيفي في الإجراء HR-04,"العرض الوظيفي المقبول
بيانات الموظف (الهوية الوطنية أو الإقامة، العنوان، رقم الآيبان)
نموذج العقد المعتمد في منصة قوى
بطاقة الوصف الوظيفي","عقد عمل موثق في منصة قوى ومعتمد من الطرفين
نسخة من العقد في ملف الموظف ونسخة مسلمة له
تاريخ مباشرة معتمد",لكل موظف جديد,draft,"[{""id"":""1"",""type"":""task"",""title"":""جمع بيانات الموظف ووثائقه والتحقق من سريان الهوية أو الإقامة"",""role"":""أخصائي الموارد البشرية"",""R"":"""",""A"":"""",""C"":"""",""I"":"""",""note"":""للموظف غير السعودي: التحقق من اكتمال نقل الخدمات أو الاستقدام في الإجراء HR-07"",""yesTarget"":"""",""noTarget"":""""},{""id"":""2"",""type"":""task"",""title"":""تحرير العقد بالبيانات التي يوجبها نظام العمل"",""role"":""أخصائي الموارد البشرية"",""R"":"""",""A"":"""",""C"":"""",""I"":"""",""note"":""اسم الطرفين ومكان العمل ونوع العمل والأجر والبدلات وتاريخ المباشرة ونوع العقد ومدته، وفترة التجربة إن وجدت تذكر صراحة ولا تتجاوز 180 يوما (المادة 53 من نظام العمل)"",""yesTarget"":"""",""noTarget"":""""},{""id"":""3"",""type"":""task"",""title"":""مراجعة العقد نظاميا وماليا"",""role"":""مدير الموارد البشرية"",""R"":"""",""A"":"""",""C"":"""",""I"":"""",""note"":""يتأكد من مطابقة الأجر والبدلات للعرض المعتمد، ومن أن عقد غير السعودي مكتوب ومحدد المدة (المادة 37 من نظام العمل)"",""yesTarget"":"""",""noTarget"":""""},{""id"":""4"",""type"":""task"",""title"":""إدخال العقد في منصة قوى وإرساله إلى الموظف للاعتماد"",""role"":""أخصائي الموارد البشرية"",""R"":"""",""A"":"""",""C"":"""",""I"":"""",""note"":""توثيق عقود العمل في منصة قوى إلزامي، ويعتمد الموظف العقد من حسابه فيها"",""yesTarget"":"""",""noTarget"":""""},{""id"":""5"",""type"":""decision"",""title"":""هل اعتمد الموظف العقد في منصة قوى خلال المهلة؟"",""role"":""الموظف"",""R"":"""",""A"":"""",""C"":"""",""I"":"""",""note"":"""",""yesTarget"":""7"",""noTarget"":""6""},{""id"":""6"",""type"":""task"",""title"":""التواصل مع الموظف لمعالجة اعتراضه أو تصحيح البيانات ثم إعادة الإرسال"",""role"":""مدير الموارد البشرية"",""R"":"""",""A"":"""",""C"":"""",""I"":"""",""note"":""يعود الإجراء إلى الخطوة 4، وإن انسحب المرشح يقدم العرض إلى البديل (HR-04)"",""yesTarget"":"""",""noTarget"":""""},{""id"":""7"",""type"":""task"",""title"":""حفظ نسخة العقد الموثق في ملف الموظف وتسليمه نسخته"",""role"":""أخصائي الموارد البشرية"",""R"":"""",""A"":"""",""C"":"""",""I"":"""",""note"":"""",""yesTarget"":"""",""noTarget"":""""},{""id"":""8"",""type"":""task"",""title"":""إبلاغ المحاسب والمدير المباشر بتاريخ المباشرة لبدء الإجراءين HR-06 وHR-08"",""role"":""أخصائي الموارد البشرية"",""R"":"""",""A"":"""",""C"":"""",""I"":"""",""note"":"""",""yesTarget"":"""",""noTarget"":""""}]"
HR-06,التسجيل في التأمينات الاجتماعية والتأمين الطبي,onboarding,يسجل الموظف الجديد في المؤسسة العامة للتأمينات الاجتماعية من تاريخ مباشرته، ويضاف إلى وثيقة التأمين الصحي التعاوني للمنشأة، ويدرج في ملف حماية الأجور. ينتهي بإثباتات التسجيل محفوظة في ملفه قبل صرف أول راتب.,اعتماد تاريخ المباشرة في الإجراء HR-05 وتوقيع محضر المباشرة في الإجراء HR-08,"العقد الموثق في منصة قوى ومحضر المباشرة
رقم الهوية الوطنية أو الإقامة
الأجر الخاضع للاشتراك (الأجر الأساسي وبدل السكن)
بيانات من يعولهم الموظف للتأمين الصحي
رقم الآيبان","تسجيل مكتمل في التأمينات الاجتماعية بتاريخ المباشرة
بطاقة تأمين صحي للموظف ومن يعولهم
إدراج الموظف في ملف حماية الأجور
إثباتات التسجيل في ملف الموظف",لكل موظف جديد,draft,"[{""id"":""1"",""type"":""task"",""title"":""التحقق من مباشرة الموظف الفعلية وتاريخها من محضر المباشرة"",""role"":""المدير المباشر"",""R"":"""",""A"":"""",""C"":"""",""I"":"""",""note"":"""",""yesTarget"":"""",""noTarget"":""""},{""id"":""2"",""type"":""task"",""title"":""تسجيل الموظف في التأمينات الاجتماعية بتاريخ المباشرة والأجر الخاضع للاشتراك"",""role"":""أخصائي الموارد البشرية"",""R"":"""",""A"":"""",""C"":"""",""I"":"""",""note"":""السعودي يسجل في فروع المعاشات والأخطار المهنية وتأمين التعطل عن العمل، وغير السعودي في فرع الأخطار المهنية فقط"",""yesTarget"":"""",""noTarget"":""""},{""id"":""3"",""type"":""decision"",""title"":""هل الموظف غير سعودي؟"",""role"":""أخصائي الموارد البشرية"",""R"":"""",""A"":"""",""C"":"""",""I"":"""",""note"":"""",""yesTarget"":""4"",""noTarget"":""5""},{""id"":""4"",""type"":""task"",""title"":""إضافة الموظف ومن يعولهم إلى وثيقة التأمين الصحي التعاوني"",""role"":""أخصائي الموارد البشرية"",""R"":"""",""A"":"""",""C"":"""",""I"":"""",""note"":""التأمين الصحي للموظف المقيم وأسرته شرط لإصدار الإقامة وتجديدها"",""yesTarget"":"""",""noTarget"":""""},{""id"":""5"",""type"":""task"",""title"":""إضافة الموظف السعودي ومن يعولهم إلى وثيقة التأمين الصحي التعاوني"",""role"":""أخصائي الموارد البشرية"",""R"":"""",""A"":"""",""C"":"""",""I"":"""",""note"":""وفق ما يوجبه نظام الضمان الصحي التعاوني على منشآت القطاع الخاص"",""yesTarget"":"""",""noTarget"":""""},{""id"":""6"",""type"":""task"",""title"":""إدراج الموظف في ملف حماية الأجور والتحقق من رقم الآيبان"",""role"":""المحاسب"",""R"":"""",""A"":"""",""C"":"""",""I"":"""",""note"":""يحول الأجر إلى حساب بنكي باسم الموظف وفق برنامج حماية الأجور"",""yesTarget"":"""",""noTarget"":""""},{""id"":""7"",""type"":""task"",""title"":""حفظ إثباتات التسجيل (التأمينات، التأمين الصحي، حماية الأجور) في ملف الموظف"",""role"":""أخصائي الموارد البشرية"",""R"":"""",""A"":"""",""C"":"""",""I"":"""",""note"":"""",""yesTarget"":"""",""noTarget"":""""},{""id"":""8"",""type"":""task"",""title"":""مراجعة اكتمال التسجيلات كلها قبل صرف أول راتب"",""role"":""مدير الموارد البشرية"",""R"":"""",""A"":"""",""C"":"""",""I"":"""",""note"":"""",""yesTarget"":"""",""noTarget"":""""}]"
HR-07,استقدام الموظف غير السعودي أو نقل خدماته,onboarding,يغطي مساري توظيف غير السعودي: نقل خدمات مقيم داخل المملكة عبر منصة قوى، أو استقدامه من خارجها بتأشيرة عمل. يبدأ بالتحقق من أهلية المنشأة في نطاقات ورصيد التأشيرات، وينتهي بإقامة ورخصة عمل ساريتين ثم يتصل بإجراء التعاقد.,اختيار مرشح غير سعودي في الإجراء HR-03 وقبوله العرض في الإجراء HR-04,"بيانات المرشح وموقعه (داخل المملكة أو خارجها)
وضع المنشأة في نطاقات ورصيد التأشيرات في منصة قوى
المهنة المطلوبة ومطابقتها لمؤهل المرشح
وثائق المرشح (جواز السفر، المؤهلات المصدقة، الخبرات)","نقل خدمات مكتمل أو تأشيرة عمل مستخدمة
إقامة ورخصة عمل ساريتان
ملف الموظف جاهز للتعاقد (HR-05) والتسجيل (HR-06)",عند الحاجة,draft,"[{""id"":""1"",""type"":""task"",""title"":""التحقق من أهلية المنشأة: وضعها في نطاقات ورصيد التأشيرات أو إمكانية نقل الخدمات"",""role"":""مدير الموارد البشرية"",""R"":"""",""A"":"""",""C"":"""",""I"":"""",""note"":"""",""yesTarget"":"""",""noTarget"":""""},{""id"":""2"",""type"":""decision"",""title"":""هل المرشح مقيم داخل المملكة؟"",""role"":""أخصائي الموارد البشرية"",""R"":"""",""A"":"""",""C"":"""",""I"":"""",""note"":"""",""yesTarget"":""3"",""noTarget"":""5""},{""id"":""3"",""type"":""task"",""title"":""تقديم طلب نقل خدمات المرشح إلى المنشأة عبر منصة قوى"",""role"":""أخصائي الموارد البشرية"",""R"":"""",""A"":"""",""C"":"""",""I"":"""",""note"":""يرفق بالطلب عرض العقد الجديد ليعتمده العامل من حسابه، وتلزم موافقة صاحب العمل الحالي في الحالات التي يشترطها النظام"",""yesTarget"":"""",""noTarget"":""""},{""id"":""4"",""type"":""task"",""title"":""متابعة اكتمال النقل وتحديث المهنة والإقامة إن لزم"",""role"":""أخصائي الموارد البشرية"",""R"":"""",""A"":"""",""C"":"""",""I"":"""",""note"":""بعد اكتمال النقل ينتقل الملف مباشرة إلى الخطوة 9"",""yesTarget"":"""",""noTarget"":""""},{""id"":""5"",""type"":""task"",""title"":""إصدار تأشيرة العمل من منصة قوى بالمهنة المطلوبة"",""role"":""أخصائي الموارد البشرية"",""R"":"""",""A"":"""",""C"":"""",""I"":"""",""note"":"""",""yesTarget"":"""",""noTarget"":""""},{""id"":""6"",""type"":""task"",""title"":""استكمال إجراءات ما قبل القدوم: تصديق المؤهلات والفحص الطبي المعتمد وتوثيق التأشيرة"",""role"":""المرشح"",""R"":"""",""A"":"""",""C"":"""",""I"":"""",""note"":""الفحص الطبي قبل القدوم في المراكز المعتمدة في بلد المرشح، وتوثيق التأشيرة لدى الممثلية السعودية عبر منصة إنجاز أو مكتب الاستقدام"",""yesTarget"":"""",""noTarget"":""""},{""id"":""7"",""type"":""task"",""title"":""استقبال الموظف عند الوصول وإجراء الفحص الطبي داخل المملكة"",""role"":""أخصائي الموارد البشرية"",""R"":"""",""A"":"""",""C"":"""",""I"":"""",""note"":""الفحص الطبي بعد الوصول في جهة معتمدة شرط لإصدار الإقامة"",""yesTarget"":"""",""noTarget"":""""},{""id"":""8"",""type"":""task"",""title"":""إصدار الإقامة ورخصة العمل وتسجيل البصمة"",""role"":""أخصائي الموارد البشرية"",""R"":"""",""A"":"""",""C"":"""",""I"":"""",""note"":""الإقامة عبر منصة مقيم أو أبشر أعمال، ورخصة العمل عبر منصة قوى، بعد سداد الرسوم المقررة"",""yesTarget"":"""",""noTarget"":""""},{""id"":""9"",""type"":""task"",""title"":""التحقق من سريان الإقامة ورخصة العمل والتأمين الصحي ثم إحالة الملف إلى التعاقد (HR-05)"",""role"":""مدير الموارد البشرية"",""R"":"""",""A"":"""",""C"":"""",""I"":"""",""note"":""جواز السفر يبقى بحوزة الموظف ولا تحتفظ به المنشأة"",""yesTarget"":"""",""noTarget"":""""}]"
HR-08,التهيئة والمباشرة في أول يوم عمل,onboarding,يستقبل الموظف الجديد في يومه الأول ويسلم ما يحتاجه للعمل، ويعرف بالمنشأة ولوائحها وفريقه وأهداف فترة التجربة. ينتهي بمحضر مباشرة موقع يعتمد عليه احتساب الأجر وبداية فترة التجربة.,حلول تاريخ المباشرة المعتمد في العقد,"العقد الموثق وتاريخ المباشرة
قائمة التجهيزات (مكان العمل، الجهاز، البريد الإلكتروني، الصلاحيات، البطاقة)
لائحة تنظيم العمل وسياسات المنشأة
خطة التهيئة وأهداف فترة التجربة","محضر مباشرة موقع من الموظف ومديره المباشر
إقرار الموظف باستلام اللوائح والسياسات والعهد
أهداف فترة التجربة مكتوبة
حسابات وصلاحيات مفعلة",لكل موظف جديد,draft,"[{""id"":""1"",""type"":""task"",""title"":""تجهيز مكان العمل والجهاز والبريد الإلكتروني والصلاحيات قبل يوم المباشرة"",""role"":""مسؤول تقنية المعلومات"",""R"":"""",""A"":"""",""C"":"""",""I"":"""",""note"":""تطلب الصلاحيات من المدير المباشر بحسب الوصف الوظيفي"",""yesTarget"":"""",""noTarget"":""""},{""id"":""2"",""type"":""task"",""title"":""استقبال الموظف والتحقق من هويته وتوقيع محضر المباشرة"",""role"":""أخصائي الموارد البشرية"",""R"":"""",""A"":"""",""C"":"""",""I"":"""",""note"":""تاريخ المباشرة الفعلي هو بداية احتساب الأجر وفترة التجربة"",""yesTarget"":"""",""noTarget"":""""},{""id"":""3"",""type"":""task"",""title"":""تعريف الموظف بلائحة تنظيم العمل وسياسات المنشأة وأخذ إقراره باستلامها"",""role"":""أخصائي الموارد البشرية"",""R"":"""",""A"":"""",""C"":"""",""I"":"""",""note"":""تشمل ساعات العمل والحضور والإجازات والسلوك والسرية والسلامة"",""yesTarget"":"""",""noTarget"":""""},{""id"":""4"",""type"":""task"",""title"":""تسليم العهد (الجهاز، البطاقة، المفاتيح) بمحضر استلام موقع"",""role"":""أخصائي الموارد البشرية"",""R"":"""",""A"":"""",""C"":"""",""I"":"""",""note"":"""",""yesTarget"":"""",""noTarget"":""""},{""id"":""5"",""type"":""task"",""title"":""تعريف الموظف بفريقه ومهامه وشرح خطة التهيئة وأهداف فترة التجربة"",""role"":""المدير المباشر"",""R"":"""",""A"":"""",""C"":"""",""I"":"""",""note"":""تكتب الأهداف ومؤشرات قياسها ليعتمد عليها تقييم فترة التجربة (HR-09)"",""yesTarget"":"""",""noTarget"":""""},{""id"":""6"",""type"":""decision"",""title"":""هل اكتملت متطلبات المباشرة (المحضر، الإقرارات، العهد، الصلاحيات)؟"",""role"":""مدير الموارد البشرية"",""R"":"""",""A"":"""",""C"":"""",""I"":"""",""note"":"""",""yesTarget"":""8"",""noTarget"":""7""},{""id"":""7"",""type"":""task"",""title"":""استكمال النواقص ومتابعتها حتى اكتمالها"",""role"":""أخصائي الموارد البشرية"",""R"":"""",""A"":"""",""C"":"""",""I"":"""",""note"":""يعود الإجراء إلى الخطوة 6 بعد الاستكمال"",""yesTarget"":"""",""noTarget"":""""},{""id"":""8"",""type"":""task"",""title"":""تحديث ملف الموظف بمحضر المباشرة وإبلاغ المحاسب لبدء احتساب الأجر"",""role"":""أخصائي الموارد البشرية"",""R"":"""",""A"":"""",""C"":"""",""I"":"""",""note"":""ينسق مع الإجراء HR-06 للتسجيل في التأمينات والتأمين الصحي"",""yesTarget"":"""",""noTarget"":""""}]"
HR-09,تقييم فترة التجربة,performance,يقيم أداء الموظف الجديد قبل انتهاء فترة التجربة المنصوص عليها في عقده، وفق الأهداف المكتوبة عند المباشرة. ينتهي بقرار موثق: تثبيت، أو تمديد باتفاق مكتوب ضمن الحد النظامي، أو إنهاء العقد خلال فترة التجربة.,اقتراب انتهاء فترة التجربة المحددة في عقد الموظف,"عقد الموظف وتاريخ المباشرة ومدة فترة التجربة
أهداف فترة التجربة المكتوبة في الإجراء HR-08
نموذج تقييم فترة التجربة
ملاحظات المدير المباشر وسجل الحضور","نموذج تقييم معتمد
قرار مكتوب: تثبيت أو تمديد أو إنهاء
تحديث ملف الموظف، وتعديل العقد أو إنهاؤه في منصة قوى بحسب القرار",لكل موظف جديد قبل انتهاء فترة تجربته,draft,"[{""id"":""1"",""type"":""task"",""title"":""تنبيه المدير المباشر قبل انتهاء فترة التجربة بوقت كاف"",""role"":""أخصائي الموارد البشرية"",""R"":"""",""A"":"""",""C"":"""",""I"":"""",""note"":""فترة التجربة تذكر صراحة في العقد ولا تتجاوز 180 يوما بحال (المادة 53 من نظام العمل)"",""yesTarget"":"""",""noTarget"":""""},{""id"":""2"",""type"":""task"",""title"":""تعبئة نموذج التقييم وفق الأهداف المكتوبة عند المباشرة"",""role"":""المدير المباشر"",""R"":"""",""A"":"""",""C"":"""",""I"":"""",""note"":"""",""yesTarget"":"""",""noTarget"":""""},{""id"":""3"",""type"":""task"",""title"":""مناقشة نتيجة التقييم مع الموظف وتوثيق ملاحظاته"",""role"":""المدير المباشر"",""R"":"""",""A"":"""",""C"":"""",""I"":"""",""note"":"""",""yesTarget"":"""",""noTarget"":""""},{""id"":""4"",""type"":""decision"",""title"":""هل الأداء مقبول ويوصى بالتثبيت؟"",""role"":""مدير القسم"",""R"":"""",""A"":"""",""C"":"""",""I"":"""",""note"":"""",""yesTarget"":""7"",""noTarget"":""5""},{""id"":""5"",""type"":""decision"",""title"":""هل يمكن تمديد فترة التجربة باتفاق مكتوب دون تجاوز 180 يوما إجمالا؟"",""role"":""مدير الموارد البشرية"",""R"":"""",""A"":"""",""C"":"""",""I"":"""",""note"":"""",""yesTarget"":""6"",""noTarget"":""8""},{""id"":""6"",""type"":""task"",""title"":""توقيع اتفاق التمديد وتحديد أهداف واضحة للمدة الإضافية وتعديل العقد في منصة قوى"",""role"":""أخصائي الموارد البشرية"",""R"":"""",""A"":"""",""C"":"""",""I"":"""",""note"":""يعاد التقييم قبل انتهاء المدة الممددة من الخطوة 2"",""yesTarget"":"""",""noTarget"":""""},{""id"":""7"",""type"":""task"",""title"":""إصدار قرار التثبيت وإبلاغ الموظف وتحديث ملفه"",""role"":""مدير الموارد البشرية"",""R"":"""",""A"":"""",""C"":"""",""I"":"""",""note"":"""",""yesTarget"":"""",""noTarget"":""""},{""id"":""8"",""type"":""task"",""title"":""إنهاء العقد خلال فترة التجربة بقرار مكتوب وتصفية المستحقات"",""role"":""المدير العام"",""R"":"""",""A"":"""",""C"":"""",""I"":"""",""note"":""يجوز لأي من الطرفين إنهاء العقد خلال فترة التجربة ما لم يقصر العقد هذا الحق على أحدهما (المادة 53)، وتسوى المستحقات وفق الإجراء HR-11"",""yesTarget"":"""",""noTarget"":""""}]"
HR-10,طلب الإجازة واعتمادها والمباشرة بعدها,leave,دورة الإجازة من تقديم الطلب إلى اعتماد المدير المباشر والموارد البشرية وخصمها من الرصيد، ثم تسجيل مباشرة الموظف بعد عودته. يطبق على الإجازة السنوية والمرضية وسائر الإجازات النظامية بحسب نوعها ومستنداتها.,تقديم الموظف طلب إجازة، أو تقديمه تقريرا طبيا معتمدا للإجازة المرضية,"طلب الإجازة (النوع، تاريخ البداية، المدة، من يحل محل الموظف)
رصيد الإجازات الحالي
المستند المؤيد عند الاقتضاء (تقرير طبي معتمد للإجازة المرضية)
جدول الإجازات السنوي للقسم","قرار اعتماد أو رفض موثق
رصيد إجازات محدث
محضر مباشرة بعد الإجازة
إشعار للمحاسب عند أثر الإجازة على الأجر",عند كل طلب إجازة,draft,"[{""id"":""1"",""type"":""task"",""title"":""تقديم طلب الإجازة مع تحديد نوعها ومدتها ومن يحل محل الموظف"",""role"":""الموظف"",""R"":"""",""A"":"""",""C"":"""",""I"":"""",""note"":""الإجازة السنوية 21 يوما بأجر كامل، وترتفع إلى 30 يوما بعد خمس سنوات متصلة في خدمة المنشأة (المادة 109 من نظام العمل)"",""yesTarget"":"""",""noTarget"":""""},{""id"":""2"",""type"":""task"",""title"":""التحقق من الرصيد ومن المستندات المؤيدة عند الاقتضاء"",""role"":""أخصائي الموارد البشرية"",""R"":"""",""A"":"""",""C"":"""",""I"":"""",""note"":""الإجازة المرضية في السنة الواحدة: 30 يوما بأجر كامل ثم 60 يوما بثلاثة أرباع الأجر ثم 30 يوما بلا أجر (المادة 117)، بتقرير طبي معتمد"",""yesTarget"":"""",""noTarget"":""""},{""id"":""3"",""type"":""decision"",""title"":""هل يوافق المدير المباشر على الإجازة في التاريخ المطلوب؟"",""role"":""المدير المباشر"",""R"":"""",""A"":"""",""C"":"""",""I"":"""",""note"":"""",""yesTarget"":""5"",""noTarget"":""4""},{""id"":""4"",""type"":""task"",""title"":""إبلاغ الموظف بسبب الرفض واقتراح تاريخ بديل"",""role"":""المدير المباشر"",""R"":"""",""A"":"""",""C"":"""",""I"":"""",""note"":""يعود الإجراء إلى الخطوة 1 بالتاريخ البديل؛ الإجازة السنوية حق لا يجوز التنازل عنه، وللمنشأة تحديد موعدها وفق مقتضيات العمل"",""yesTarget"":"""",""noTarget"":""""},{""id"":""5"",""type"":""task"",""title"":""اعتماد الطلب وخصم المدة من الرصيد وتسجيل من يحل محل الموظف"",""role"":""أخصائي الموارد البشرية"",""R"":"""",""A"":"""",""C"":"""",""I"":"""",""note"":"""",""yesTarget"":"""",""noTarget"":""""},{""id"":""6"",""type"":""task"",""title"":""إبلاغ المحاسب عند أثر الإجازة على الأجر (المرضية بعد المدة المدفوعة، أو الإجازة بلا أجر)"",""role"":""أخصائي الموارد البشرية"",""R"":"""",""A"":"""",""C"":"""",""I"":"""",""note"":"""",""yesTarget"":"""",""noTarget"":""""},{""id"":""7"",""type"":""decision"",""title"":""هل باشر الموظف العمل في الموعد المحدد بعد الإجازة؟"",""role"":""المدير المباشر"",""R"":"""",""A"":"""",""C"":"""",""I"":"""",""note"":"""",""yesTarget"":""8"",""noTarget"":""9""},{""id"":""8"",""type"":""task"",""title"":""تسجيل المباشرة وإقفال طلب الإجازة"",""role"":""أخصائي الموارد البشرية"",""R"":"""",""A"":"""",""C"":"""",""I"":"""",""note"":"""",""yesTarget"":"""",""noTarget"":""""},{""id"":""9"",""type"":""task"",""title"":""معالجة التأخر أو الغياب: التواصل مع الموظف وتوثيق السبب وتطبيق أحكام الغياب في نظام العمل ولائحة تنظيم العمل"",""role"":""مدير الموارد البشرية"",""R"":"""",""A"":"""",""C"":"""",""I"":"""",""note"":"""",""yesTarget"":"""",""noTarget"":""""}]"
HR-11,إنهاء الخدمة والمخالصة,other,ينهي علاقة العمل باستقالة أو انتهاء مدة العقد أو إنهاء من المنشأة، مع الإشعار الكتابي وتسليم العهد واحتساب المستحقات ومكافأة نهاية الخدمة. ينتهي بتوثيق الإنهاء في منصة قوى وتوقيع المخالصة وصرف المستحقات وتسليم شهادة الخدمة. وللموظف غير السعودي تضاف إجراءات الإقامة: نقل الخدمات أو الخروج النهائي.,استقالة مكتوبة من الموظف، أو انتهاء مدة العقد، أو قرار إنهاء من المنشأة,"الاستقالة أو قرار الإنهاء ومهلة الإشعار
عقد الموظف وتاريخ مباشرته وأجره الأخير
رصيد الإجازات والعهد المسجلة عليه
حالة الإقامة للموظف غير السعودي","إشعار إنهاء موثق وفق مهلة الإشعار
مخالصة نهائية موقعة
مستحقات مصروفة (الأجر، بدل الإجازات المستحقة، مكافأة نهاية الخدمة)
إنهاء العقد في منصة قوى واستبعاد الموظف من التأمينات والتأمين الصحي وحماية الأجور
شهادة خدمة",عند كل إنهاء خدمة,draft,"[{""id"":""1"",""type"":""task"",""title"":""استلام الاستقالة أو قرار الإنهاء وتوثيق تاريخه"",""role"":""أخصائي الموارد البشرية"",""R"":"""",""A"":"""",""C"":"""",""I"":"""",""note"":"""",""yesTarget"":"""",""noTarget"":""""},{""id"":""2"",""type"":""decision"",""title"":""هل استوفى الإنهاء مهلة الإشعار الكتابي والمبررات النظامية؟"",""role"":""مدير الموارد البشرية"",""R"":"""",""A"":"""",""C"":"""",""I"":"""",""note"":""مهلة الإشعار وفق العقد ونظام العمل، وإنهاء المنشأة للعقد يكون لسبب مشروع يبين كتابة"",""yesTarget"":""4"",""noTarget"":""3""},{""id"":""3"",""type"":""task"",""title"":""استيفاء النواقص: استكمال مهلة الإشعار أو بيان السبب كتابة أو الاتفاق على بديل"",""role"":""المدير العام"",""R"":"""",""A"":"""",""C"":"""",""I"":"""",""note"":""يعود الإجراء إلى الخطوة 2 بعد الاستيفاء"",""yesTarget"":"""",""noTarget"":""""},{""id"":""4"",""type"":""task"",""title"":""اعتماد آخر يوم عمل وإبلاغ الأقسام المعنية (المدير المباشر، المحاسب، تقنية المعلومات)"",""role"":""مدير الموارد البشرية"",""R"":"""",""A"":"""",""C"":"""",""I"":"""",""note"":"""",""yesTarget"":"""",""noTarget"":""""},{""id"":""5"",""type"":""task"",""title"":""تسليم العهد وإنهاء الصلاحيات وتسليم المهام إلى البديل"",""role"":""المدير المباشر"",""R"":"""",""A"":"""",""C"":"""",""I"":"""",""note"":"""",""yesTarget"":"""",""noTarget"":""""},{""id"":""6"",""type"":""task"",""title"":""احتساب المستحقات: الأجر حتى آخر يوم عمل، بدل الإجازات المستحقة، مكافأة نهاية الخدمة، وأي حسميات"",""role"":""المحاسب"",""R"":"""",""A"":"""",""C"":"""",""I"":"""",""note"":""مكافأة نهاية الخدمة على أساس الأجر الأخير: أجر نصف شهر عن كل سنة من السنوات الخمس الأولى وأجر شهر عن كل سنة بعدها (المادة 84)، وفي الاستقالة تصرف نسبة منها بحسب مدة الخدمة (المادة 85)"",""yesTarget"":"""",""noTarget"":""""},{""id"":""7"",""type"":""task"",""title"":""توثيق إنهاء العقد في منصة قوى واستبعاد الموظف من التأمينات الاجتماعية والتأمين الصحي وملف حماية الأجور"",""role"":""أخصائي الموارد البشرية"",""R"":"""",""A"":"""",""C"":"""",""I"":"""",""note"":""للموظف غير السعودي: نقل الخدمات إلى منشأة أخرى أو إصدار تأشيرة خروج نهائي وإلغاء الإقامة ورخصة العمل"",""yesTarget"":"""",""noTarget"":""""},{""id"":""8"",""type"":""task"",""title"":""توقيع المخالصة النهائية وصرف المستحقات وتسليم شهادة الخدمة"",""role"":""مدير الموارد البشرية"",""R"":"""",""A"":"""",""C"":"""",""I"":"""",""note"":""تصفية المستحقات خلال أسبوع من انتهاء العلاقة إن كان الإنهاء من المنشأة، وخلال أسبوعين إن كان الموظف هو من أنهى العقد (المادة 88)، وشهادة الخدمة تعطى دون مقابل"",""yesTarget"":"""",""noTarget"":""""}]"
